source,title,authors,year,venue,abstract,doi,url,query_used,fusion_keywords_found,modalities_found_auto,multimodal_score,priority,screen_flag,exclusion_hint,include_decision,exclude_reason_final,notes,Modalities,Architecture,Task,Fusion Type,Transformer,Dataset,Key Metric,Reaserch Gap
PubMed,Cross-attention multimodal fusion for EGFR mutation prediction: A predictive model using CT and whole-slide images.,Yuanshun Jiang; Bao Feng; Yehang Chen; Junhui Xu; Ronggang Li; Weibin Zhang; Xiangmeng Chen; Wansheng Long; Kunwei Li,2026,Medical physics,"BACKGROUND: The prediction of Epidermal Growth Factor Receptor (EGFR) mutation status in advanced lung adenocarcinoma is crucial for targeted therapy. Since EGFR mutations manifest as both macroscopic imaging features on CT and microscopic morphological changes in tissue, integrating these multiscale signals is essential for a comprehensive diagnostic assessment. However, current related research faces two key limitations: on one hand, unimodal deep learning models suffer from limited representational power; on the other hand, existing multimodal methods fail to address the inherent data structural discrepancies between continuous CT and discrete WSI, often losing critical fine-grained details due to forced data compression or shared semantic bottlenecks. OBJECTIVE: To address the above limitations and improve the reliability of EGFR mutation status prediction, this study aims to propose a novel multimodal fusion framework (MFCA) that can effectively capture cross-modal semantic interactions and align imaging features across different scales. METHODS: A novel MFCA based on Cross-Attention (MFCA) is proposed, and its implementation steps are as follows: 1. First, a region-of-interest-guided approach is utilized to coarsely segment whole-slide histopathology images (WSI) into three constituent regions, namely cancerous, stromal, and other regions; 2. Then, a dual-branch encoder is employed to separately extract features from two types of imaging data-global features from Computed Tomography (CT) scans and region-specific features from the segmented WSI; 3. Critically, a bidirectional cross-attention module is introduced into the framework, which is designed to facilitate deep semantic interaction and alignment between the macroscopic context of CT imaging and the microscopic context of histopathology, thereby achieving highly efficient and discriminative feature fusion. RESULTS: On the external validation set, our MFCA framework achieved robust performance, with Area Under the Curve (AUC) values of 0.758(95% CI: 0.683-0.832) for cancerous regions, 0.805(95% CI: 0.716-0.900) for stromal regions, and 0.760(95% CI: 0.686-0.833) for other regions. The model's performance, particularly in the stromal component, was statistically superior to all baseline and competing models. CONCLUSION: The proposed MFCA framework predicts EGFR mutation status by innovatively integrating macroscopic CT imaging with region-specific microscopic WSI features. It serves as a valuable computational tool to support precision oncology for patients with advanced lung adenocarcinoma.",10.1002/mp.70450,https://pubmed.ncbi.nlm.nih.gov/42050780/,"(""lung cancer"" OR ""lung neoplasm"" OR ""non-small cell lung cancer"" OR ""nsclc"" OR ""small cell lung cancer"" OR ""sclc"" OR ""lung adenocarcinoma"" OR ""squamous cell lung carcinoma"" OR ""pulmonary nodule"" OR ""lung carcinoma"") AND (""multimodal"" OR ""multi-modal"" OR ""fusion"" OR ""cross-modal"" OR ""cross modal"" OR ""multimodal learning"" OR ""multimodal deep learning"" OR ""joint learning"" OR ""joint representation"" OR ""cooperative learning"" OR ""cross-attention"" OR ""cross attention"") AND (""deep learning"" OR ""neural network"" OR ""transformer"" OR ""representation learning"" OR ""self-supervised learning"" OR ""machine learning"" OR ""cnn"" OR ""vit"" OR ""vision transformer"" OR ""gnn"")",multimodal; fusion; cross-modal; cross-attention,ct; pet; pathology; omics,20,high,include_candidate,,,,1.0,CT (Macroscopic) + WSI (Microscopic),MFCA (Dual-Branch Encoder),EGFR Mutation Prediction,Joint (Cross-Attention),1.0,Internal Hospital Dataset (CT & WSI Pairs),AUC: 0.805 (Stromal),
PubMed,A transformer-based patient-agnostic tumor motion tracking model (TransTracking): A feasibility study in radiotherapy for lung cancer.,Maidina Abuduxiku; Ningning Chai; Xiaoyan An; Yazhou Li; Jian Wang; Ying Luo; Wei Wu; Yinuo Liu; Yang Hu; Qiang Li; Pengbo He,2026,Medical physics,"BACKGROUND: Accurate and real-time localization of thoracic tumor targets is essential for effective radiation therapy. Recently, Transformer architectures have demonstrated strong global reasoning capabilities across multiple frames by leveraging both self-attention and cross-attention mechanisms. Transformers have therefore been applied to object tracking with great success. By combining Image Guided Radiation Therapy (IGRT) technologies and deep learning-based object tracking architecture, it is possible to deliver radiation doses to the target area with high accuracy. PURPOSE: This study develops a transformer-based patient-agnostic tracking model (TransTracking) for surface and markerless internal target tracking in thoracic tumor radiotherapy. METHODS: We trained the TransTracking model using the training splits of publicly available object tracking datasets. Subsequently, for internal target tracking, the model is fine-tuned using 10,000 digitally reconstructed radiograph (DRR) images generated from the actual 4DCT datasets of 25 patients. The DRR images are annotated with bounding boxes of the moving tumor. Our method learns to directly predict the target classification and bounding-box regression weights through end-to-end training, enabling accurate target localization in each frame for both surface and internal target tracking sequences. The tracking performance of the trained model was evaluated in 20 volunteers for surface tracking and using DRR images generated from 20 4DCT datasets for internal tumor tracking. To address the limited availability of medical images for training, we conducted the data augmentation procedure to 4DCT datasets and expanded the data scale 40-fold in total. RESULTS: For the surface marker tracking, the mean absolute deviation (MAD) ± standard deviation (SD) between the model-predicted and the actual positions for 20 volunteers was 0.07 ± 0.06 mm, 0.12 ± 0.13 mm, and 0.29 ± 0.20 mm in left-right, superior-inferior, and anterior-posterior directions, respectively. In each directional axis, over 85% of frames exhibited a model-predicted target position within 0.5 mm of the corresponding ground-truth position. For the internal tumor tracking, the MAD ± SD between the predicted and annotated center positions of the tumor bounding boxes is 1.49 ± 1.39 mm, with a mean Intersection over Union (IoU) value of 0.83 and an area under curve (AUC) score of 82% for 20 patients. Additionally, our transformer-based model can extract the target position in 81 ms after an image is acquired. CONCLUSIONS: This study proposed a novel Transformer-based deep learning method aimed at training a patient-agnostic tumor motion tracking model in radiotherapy. The model enables real-time, high-precision tracking of surface markers using vision cameras, offering a cost-effective and compact solution. Additionally, we demonstrated that our method can accurately locate tumor target areas in DRR images with high precision, without the need for individualized training or the implantation of fiducial markers. This feasibility study demonstrates the strong potential of our strategy as a clinically viable solution for moving tumor IGRT.",10.1002/mp.70449,https://pubmed.ncbi.nlm.nih.gov/42027140/,"(""lung cancer"" OR ""lung neoplasm"" OR ""non-small cell lung cancer"" OR ""nsclc"" OR ""small cell lung cancer"" OR ""sclc"" OR ""lung adenocarcinoma"" OR ""squamous cell lung carcinoma"" OR ""pulmonary nodule"" OR ""lung carcinoma"") AND (""multimodal"" OR ""multi-modal"" OR ""fusion"" OR ""cross-modal"" OR ""cross modal"" OR ""multimodal learning"" OR ""multimodal deep learning"" OR ""joint learning"" OR ""joint representation"" OR ""cooperative learning"" OR ""cross-attention"" OR ""cross attention"") AND (""deep learning"" OR ""neural network"" OR ""transformer"" OR ""representation learning"" OR ""self-supervised learning"" OR ""machine learning"" OR ""cnn"" OR ""vit"" OR ""vision transformer"" OR ""gnn"")",cross-attention,ct; xray,9,medium,include_candidate,,,,1.0,DRR (Simulated X-ray) + Vision Camera,Transformer (Self/Cross-Attn),Real-time Tumor Tracking,Hubrid Joint fusion/Spatiotemporal Fusion,1.0,4DCT (25 pts) + 20 Volunteers,MAD: 0.07–0.29mm,
PubMed,Predicting primary resistance to third-generation EGFR-TKIs in lung adenocarcinoma using a multisource cross-modal transformer model.,Yunfan Wang; Ke Min; Li Tao; Jun Jin; Lingling Fan; Xiancheng Yan; QianQian Wang; Dan Wu; Zhiwen Lu; Jian Yang; Chunluan Yuan; Weimin Wang,2026,NPJ precision oncology,"The aim of this study was to investigate the utility of a multisource cross-modal Transformer (MC-Trans) model in predicting primary resistance to third-generation epidermal growth factor receptor tyrosine kinase inhibitors (3rd-EGFR-TKIs) in patients with lung adenocarcinoma. A retrospective analysis of clinical and imaging data from 222 lung adenocarcinoma patients treated with 3rd-EGFR-TKIs was conducted. Patients were allocated to a training/validation cohort (n = 136) and two external test cohorts (n = 34 and n = 52). The Table Transformer and a Swin Transformer-based model were employed to extract features from tabular and CT imaging data, respectively, to construct the MC-Trans model. The results demonstrated that MC-Trans exhibited excellent performance in predicting primary resistance, with an ROC-AUC of 0.89, which was significantly superior to those of the unimodal models (tabular model: 0.78; CT model: 0.63). Furthermore, predictions on external Test Cohort 2 revealed that the predictive performance of MC-Trans was comparable to that of a human expert panel. The study also revealed that MC-Trans could predict the risk of disease progression even among patients without primary resistance. In conclusion, MC-Trans may serve as a valuable tool to assist in determining the therapeutic response of lung adenocarcinoma patients to 3rd-EGFR-TKIs. Keywords: Artificial intelligence; Lung Cancer; Multimodal models; Third-generation EGFR-TKIs; Primary Resistance.",10.1038/s41698-026-01420-2,https://pubmed.ncbi.nlm.nih.gov/41998101/,"(""lung cancer"" OR ""lung neoplasm"" OR ""non-small cell lung cancer"" OR ""nsclc"" OR ""small cell lung cancer"" OR ""sclc"" OR ""lung adenocarcinoma"" OR ""squamous cell lung carcinoma"" OR ""pulmonary nodule"" OR ""lung carcinoma"") AND (""multimodal"" OR ""multi-modal"" OR ""fusion"" OR ""cross-modal"" OR ""cross modal"" OR ""multimodal learning"" OR ""multimodal deep learning"" OR ""joint learning"" OR ""joint representation"" OR ""cooperative learning"" OR ""cross-attention"" OR ""cross attention"") AND (""deep learning"" OR ""neural network"" OR ""transformer"" OR ""representation learning"" OR ""self-supervised learning"" OR ""machine learning"" OR ""cnn"" OR ""vit"" OR ""vision transformer"" OR ""gnn"")",multimodal; cross-modal,ct; omics; clinical,14,high,include_candidate,,,,1.0,CT Imaging + Clinical Tabular,Swin-T + Table-T,TKI Resistance Prediction,Joint (Cross-Modal),1.0,3 Cohorts (n=222),AUC: 0.89,"The findings from MC-Trans \cite{mctrans2026} reveal a stark discrepancy between unimodal and multimodal performance (AUC 0.63 vs 0.89). This suggests a critical gap in our understanding of drug resistance, where imaging signatures alone are insufficient markers without the 'semantic grounding' provided by clinical tabular data."
PubMed,"A multimodal radiomics model to predict disease-free survival in resected non-small cell lung cancer: integrating clinicopathology, dual-energy CT, and deep learning features.",Weiming Zhao; Tingting Li; Xilong Zhou; Wenjing Fan; Yaqi Wang; Huanhuan Zhou; Shuhua Li; Juan Wang; Yihong Gu; Zongyu Xie; Fang Su,2026,Journal of thoracic disease,"BACKGROUND: Predicting disease-free survival (DFS) after surgery for non-small cell lung cancer (NSCLC) is crucial for personalized treatment decisions. However, traditional clinical models have limited predictive efficacy. Moreover, the combined value of dual-energy computed tomography (DECT) quantitative parameters, radiomic features, and deep learning (DL) in assessing NSCLC prognosis remains unclear. This study aimed to develop and validate a multimodal machine learning model using feature-level fusion to improve the accuracy of predicting postoperative disease recurrence in NSCLC. METHODS: We retrospectively included 171 NSCLC patients who underwent surgical resection and were pathologically confirmed between January 2019 and October 2023. All patients underwent dual-phase DECT scanning preoperatively. We extracted four types of features from multimodal (I) DECT quantitative parameters; (II) clinicopathological features; (III) radiomic features based on PyRadiomics; and (IV) deep features extracted from a pre-trained three-dimensional (3D) DenseNet121 model. We applied a four-step cascading feature selection pipeline to identify the most predictive feature subset. Subsequently, single-modal predictive models were built using seven machine learning algorithms-logistic regression (LR), K-nearest neighbors (KNN), support vector machine (SVM), random forest (RF), extreme random trees (ExtraTrees), naive Bayes, and extreme gradient boosting (XGBoost)-with hyperparameters optimized via five-fold cross-validation. The fusion model employed a feature-level pre-fusion strategy, synchronously training with the same seven algorithms to maintain comparability. The optimal model for each modality was selected based on the area under the receiver operating characteristic (ROC) curve (AUC). Finally, a comprehensive performance comparison was conducted between the selected optimal fusion model and each single-modal champion model and model interpretation. RESULTS: The Fusion-ExtraTrees model constructed based on 12 optimal features showed great performance on the validation set, with an AUC of 0.889, significantly outperforming the single-modal champion models Clinic-LR, Rad-LR, and DECT-RF (all DeLong test P<0.05). It demonstrated performance similar to DL-3D-DenseNet121 but with better generalization and a lower risk of overfitting. Decision curve analysis (DCA) further confirmed that the fusion model had good clinical net benefit. SHapley Additive exPlanations (SHAP) analysis clearly revealed the contributions of key features from different modalities to the model's predictions, enhancing the model's interpretability. CONCLUSIONS: This study successfully constructed and validated a multimodal machine learning model integrating DECT quantitative parameters, clinical features, radiomics, and DL-3D features. The model demonstrated excellent discriminative ability in predicting DFS after NSCLC surgery and significantly outperformed traditional single-modal models. It offers a reliable decision support tool for personalized post-surgery management of NSCLC patients.",10.1007/s10278-025-01748-4,https://pubmed.ncbi.nlm.nih.gov/41419702/,"(""lung cancer"" OR ""lung neoplasm"" OR ""non-small cell lung cancer"" OR ""nsclc"" OR ""small cell lung cancer"" OR ""sclc"" OR ""lung adenocarcinoma"" OR ""squamous cell lung carcinoma"" OR ""pulmonary nodule"" OR ""lung carcinoma"") AND (""multimodal"" OR ""multi-modal"" OR ""fusion"" OR ""cross-modal"" OR ""cross modal"" OR ""multimodal learning"" OR ""multimodal deep learning"" OR ""joint learning"" OR ""joint representation"" OR ""cooperative learning"" OR ""cross-attention"" OR ""cross attention"") AND (""deep learning"" OR ""neural network"" OR ""transformer"" OR ""representation learning"" OR ""self-supervised learning"" OR ""machine learning"" OR ""cnn"" OR ""vit"" OR ""vision transformer"" OR ""gnn"")",multimodal; fusion,ct; pathology,12,high,include_candidate,,,,1.0,DECT + Clinical + Radiomics + Deep Features,ExtraTrees / 3D-DenseNet,DFS Prediction (Recurrence),Feature-Level (Pre-fusion),0.0,Single Center (n=171),AUC: 0.889,"Studies like Zheng et al. (2026) highlight a recurring challenge: while deep learning (3D-DenseNet) provides powerful features, traditional ensemble methods (ExtraTrees) often remain superior for final classification in clinical cohorts with limited sample sizes ($n < 200$). This suggests a gap in developing 'Sample-Efficient' deep multimodal architectures that don't require thousands of patients to outperform classic machine learning."
PubMed,Lightweight hybrid foundation model for lung cancer prognosis based on low-dose chest X-ray images.,Helen Haile Hayeso; Zenebe Markos Lonseko; Fahad Mushabbab G Alotaibi; Tao Gan; Peifeng Shi; Shuqi Dong; Nini Rao,2026,Translational lung cancer research,"BACKGROUND: Lung cancer (LC) is the leading cause of cancer mortality worldwide. Accurate prognosis in vulnerable populations, particularly in low-resource settings remains challenging with high radiation dose of standard imaging modalities. While chest X-rays (CXRs) are safer and more accessible, their low spatial resolution limits prognostic accuracy. Existing multimodal models primarily rely on computationally intensive architectures, such as computed tomography (CT) or positron emission tomography (PET) inputs, which reduce their clinical utility. This study aimed to develop and validate a lightweight hybrid foundation model (LHFM) that integrates CXR imaging with clinical data to enable accurate LC prognosis in low-resource settings. METHODS: We developed a LHFM that integrates visual features from CXR images extracted by a segment anything model (SAM)-Med2D encoder with semantically enriched prompts generated by BioGPT and clinical metadata. These multimodal features are fused via a dual-branch transformer architecture for survival prediction. The model was trained and validated on the JSRT and PadChest datasets, with external validation on multicenter datasets including the NIH CXR. Performance was evaluated using the concordance index (C-index), area under the receiver operating characteristic curve (AUROC), and Kaplan-Meier (KM) survival analysis. RESULTS: The proposed LHFM achieved superior prognostic performance, with a C-index of 0.910 [95% confidence interval (CI): 0.898-0.922, standard deviation (SD) =0.006] and AUROC of 0.935 (95% CI: 0.927-0.943, SD =0.004), outperforming existing multimodal benchmarks (P<0.001). KM curves demonstrated significant separation between the high-risk and low-risk groups. Domain-shift robustness testing across heterogeneous external datasets demonstrated representation stability under distribution shift. CONCLUSIONS: LHFM establishes a new paradigm for prognostic precision by exhibiting significant performance from low-dose CXR. This hybrid approach directly addresses the implementation gap in clinical artificial intelligence (AI), offering a scalable, equitable, and immediately applicable solution for personalized cancer care in resource-limited and radiography first workflows, with potential applicability across other cancer types.",10.1038/s41598-019-53461-2,https://pubmed.ncbi.nlm.nih.gov/31754135/,"(""lung cancer"" OR ""lung neoplasm"" OR ""non-small cell lung cancer"" OR ""nsclc"" OR ""small cell lung cancer"" OR ""sclc"" OR ""lung adenocarcinoma"" OR ""squamous cell lung carcinoma"" OR ""pulmonary nodule"" OR ""lung carcinoma"") AND (""multimodal"" OR ""multi-modal"" OR ""fusion"" OR ""cross-modal"" OR ""cross modal"" OR ""multimodal learning"" OR ""multimodal deep learning"" OR ""joint learning"" OR ""joint representation"" OR ""cooperative learning"" OR ""cross-attention"" OR ""cross attention"") AND (""deep learning"" OR ""neural network"" OR ""transformer"" OR ""representation learning"" OR ""self-supervised learning"" OR ""machine learning"" OR ""cnn"" OR ""vit"" OR ""vision transformer"" OR ""gnn"")",multimodal,ct; pet; xray; clinical,14,high,include_candidate,,,,1.0,CXR (X-ray) + BioGPT Prompts + Metadata,SAM-Med2D + BioGPT,Prognosis (Survival),Joint,1.0,"JSRT, PadChest, NIH",C-index: 0.910,"Most high-performance multimodal models require 3D CT or PET scans, which are unavailable to a large portion of the global population. The LHFM (2026) study demonstrates that by leveraging foundation models like SAM and BioGPT, it is possible to bridge the 'Prognostic Accuracy Gap' using only 2D CXR, moving lung cancer AI from 'High-Tech Only' to 'Equitable and Scalable'."
PubMed,LANTERN-XGB: An Interpretable Multi-Modal Machine Learning for Improving Clinical Decision-Making in Lung Cancer.,Davide Dalfovo; Carolina Sassorossi; Elisa De Paolis; Annalisa Campanella; Dania Nachira; Leonardo Petracca Ciavarella; Luca Boldrini; Esther G C Troost; Róza Ádány; Núria Farré; Ece Öztürk; Angelo Minucci; Rocco Trisolini; Emilio Bria; Steffen Löck; Stefano Margaritora; Filippo Lococo,2026,International journal of molecular sciences,"Non-small cell lung cancer (NSCLC) remains the leading cause of cancer-related mortality globally. While multi-modal artificial intelligence (AI) models offer significant predictive potential, their translation into routine clinical practice is delayed by the ""black box"" nature of complex algorithms and the fragmentation of heterogeneous data. We present LANTERN-XGB, a hierarchical machine learning workflow designed to bridge this gap by generating interpretable ""digital human avatars"" for precision oncology. The methodology employs a multi-stage scalable tree boosting system (XGBoost) architecture utilizing shapley additive explanations (SHAP) for rigorous hierarchical feature selection, missing value management, and patient-specific decision support. The workflow was developed and benchmarked using a retrospective cohort of 437 patients with clinical N0 NSCLC, followed by validation on a prospective dataset (n = 100) and an independent external dataset (n = 100). The pipeline integrates diverse data modalities to predict occult lymph node metastasis (OLM). LANTERN-XGB identified a robust consensus signature driven by non-linear interactions among CT textural fragmentation, PET metabolic heterogeneity, tumor density distribution, and systemic clinical modulators. Exploratory transcriptomic pathway analysis (GSVA) revealed that high-risk predictions strongly correlate with systemic molecular dysregulation, such as the enrichment of immune-inflammatory signaling and metabolic stress pathways. The model achieved robust discrimination in external validation (AUC ≈ 0.77), performing comparably to state-of-the-art nomogram benchmarks. Crucially, the LANTERN-XGB framework demonstrated superior utility in handling diagnostic ambiguity; local force plots allowed for the correct reclassification of ""borderline"" prediction by visualizing feature interactions that standard linear models fail to capture. LANTERN-XGB provides a validated, open-source framework that successfully balances predictive power with clinical transparency. By empowering clinicians to visualize and verify the logic behind AI predictions, this workflow offers a pragmatic path for integrating reliable multi-modal avatars into daily medical decision-making.",10.1073/pnas.0506580102,https://pubmed.ncbi.nlm.nih.gov/16199517/,"(""lung cancer"" OR ""lung neoplasm"" OR ""non-small cell lung cancer"" OR ""nsclc"" OR ""small cell lung cancer"" OR ""sclc"" OR ""lung adenocarcinoma"" OR ""squamous cell lung carcinoma"" OR ""pulmonary nodule"" OR ""lung carcinoma"") AND (""multimodal"" OR ""multi-modal"" OR ""fusion"" OR ""cross-modal"" OR ""cross modal"" OR ""multimodal learning"" OR ""multimodal deep learning"" OR ""joint learning"" OR ""joint representation"" OR ""cooperative learning"" OR ""cross-attention"" OR ""cross attention"") AND (""deep learning"" OR ""neural network"" OR ""transformer"" OR ""representation learning"" OR ""self-supervised learning"" OR ""machine learning"" OR ""cnn"" OR ""vit"" OR ""vision transformer"" OR ""gnn"")",multi-modal,ct; pet; omics,17,high,include_candidate,,,,1.0,CT + PET + Clinical + Transcriptomics,XGBoost (Tree Boosting),OLM Prediction (Metastasis),Hierarchical Fusion,0.0,3 Cohorts (n=637),AUC: 0.77 (Ext. Val),"While Transformer-based models (e.g., Jiang et al., 2026) achieve higher raw metrics (AUC > 0.85), frameworks like LANTERN-XGB (2026) argue that lower-performing but 'Interpretable' models (AUC 0.77) are more likely to be adopted in clinical practice. This highlights a significant gap: we lack 'Hybrid' architectures that provide both Transformer-level accuracy and Tree-level transparency"
PubMed,"Multimodal Deep Learning for Pulmonary Nodule Detection on Chest Radiography in High-Risk Adults, With Secondary Validation for All-Cause and Cause-Specific Mortality Prediction: A Multicenter Cohort Study.",Junxian Li; Yuchen Xing; Ximin Gao; Ya Liu; Liwen Zhang; Yubei Huang; Pengyu Zhang; Zhaoxiang Ye; Meng Wang; Fengju Song,2026,MedComm,"Chest radiographs (CXRs) may encode prognostic signals beyond pulmonary nodule detection. We developed LungProNet, a multimodal deep-learning (DL) model that fuses CXR features with four epidemiologic variables (age, sex, smoking history, and family history) for pulmonary nodule detection as the primary task, with secondary validation for all-cause and cause-specific mortality prediction. LungProNet was trained and internally validated on Tianjin Lung Cancer Imaging Dataset (TLCID) (70/30; n = 2852/1227) and externally validated on ChestDR (n = 4848), with stratified analyses across epidemiologic strata. Discrimination was quantified by area under the curve (AUC) (95% confidence intervals), with accuracy, sensitivity, and specificity reported, and results were benchmarked against contemporary machine learning/DL baselines. The pretrained multimodal encoder was transferred without fine-tuning to the Prostate, Lung, Colorectal and Ovarian Cancer Screening Trial (PLCO) (n = 24,697); its fused embeddings were used as covariates in Cox proportional-hazards models, and time-dependent AUCs were evaluated at 1-12 years. For nodule detection, AUCs were 0.979 (0.975-0.982) in TLCID and 0.849 (0.835-0.862) in ChestDR; the TLCID stratified model reached 0.990 (0.984-0.994). In PLCO, AUCs were 0.925 (0.892-0.952) for all-cause mortality and 0.939-0.985 for cardiac-, lung cancer-, and Chronic Obstructive Pulmonary Disease (COPD)-cause mortality, with robust subgroup performance. These results support CXR-based nodule flagging within screening workflows and suggest secondary opportunistic risk stratification potential.",10.1002/mco2.70730,https://pubmed.ncbi.nlm.nih.gov/17244633/,"(""lung cancer"" OR ""lung neoplasm"" OR ""non-small cell lung cancer"" OR ""nsclc"" OR ""small cell lung cancer"" OR ""sclc"" OR ""lung adenocarcinoma"" OR ""squamous cell lung carcinoma"" OR ""pulmonary nodule"" OR ""lung carcinoma"") AND (""multimodal"" OR ""multi-modal"" OR ""fusion"" OR ""cross-modal"" OR ""cross modal"" OR ""multimodal learning"" OR ""multimodal deep learning"" OR ""joint learning"" OR ""joint representation"" OR ""cooperative learning"" OR ""cross-attention"" OR ""cross attention"") AND (""deep learning"" OR ""neural network"" OR ""transformer"" OR ""representation learning"" OR ""self-supervised learning"" OR ""machine learning"" OR ""cnn"" OR ""vit"" OR ""vision transformer"" OR ""gnn"")",multimodal; multimodal deep learning,ct; xray,9,medium,include_candidate,,,,1.0,CXR + 4 Epidemiologic Variables,Multimodal DL Encoder,Nodule Detection + Mortality Prediction,Feature Fusion (Joint),1.0,"PLCO, TLCID (n > 30k)",AUC: 0.979 (Nodule),
PubMed,Graphicalized vision-language modeling for comprehensive lung nodule analysis and risk stratification.,Danwen Zhao; Junfeng Xi; Xun Guo; Jintao Chai; Zhengshui Xu; Liang Li; Yan Xue; Qingyu Sun; Yinggang Zheng; Shiyuan Liu,2026,NPJ digital medicine,"Lung cancer care involves coupled tasks such as precise nodule detection, patient-level survival risk estimation, and nodule count quantification, typically handled by separate systems despite clear interdependence. We present VITALIS, a multimodal vision-language framework that fuses CT and PET/CT imaging with structured radiology text using a graph-aware Transformer: Laplacian diffusion enriches token features on an image-text graph, while structural and prior-guided attention focus computation on anatomically and clinically related contexts, followed by bidirectional image-text conditioning to form a fused patient representation. This representation parameterizes a continuous-time latent risk process governed by a context-modulated Neural ODE, enabling individualized continuous-time modeling of time-to-event risk. Task-specific heads decode the latent trajectory into nodule detection, nodule malignancy classification, survival risk estimation, and nodule count prediction. Evaluated on three public cohorts, the framework delivers accurate delineations, low-false-positive localization, calibrated survival risk estimates, and consistent nodule counts across tasks. These findings indicate that coupling graph-aware multimodal encoding with continuous-time latent dynamics provides a coherent basis for integrated diagnostic and prognostic modeling in lung cancer.",10.1038/s41746-026-02602-9,https://pubmed.ncbi.nlm.nih.gov/41965884/,"(""lung cancer"" OR ""lung neoplasm"" OR ""non-small cell lung cancer"" OR ""nsclc"" OR ""small cell lung cancer"" OR ""sclc"" OR ""lung adenocarcinoma"" OR ""squamous cell lung carcinoma"" OR ""pulmonary nodule"" OR ""lung carcinoma"") AND (""multimodal"" OR ""multi-modal"" OR ""fusion"" OR ""cross-modal"" OR ""cross modal"" OR ""multimodal learning"" OR ""multimodal deep learning"" OR ""joint learning"" OR ""joint representation"" OR ""cooperative learning"" OR ""cross-attention"" OR ""cross attention"") AND (""deep learning"" OR ""neural network"" OR ""transformer"" OR ""representation learning"" OR ""self-supervised learning"" OR ""machine learning"" OR ""cnn"" OR ""vit"" OR ""vision transformer"" OR ""gnn"")",multimodal; fusion,ct; pet,12,high,include_candidate,,,,1.0,CT + PET/CT + Radiology Text,Graph-aware Transformer + Neural ODE,Multi-task: Nodule Detection to Survival,Graph-based Bidirectional,1.0,LIDC-IDRI / NSCLC-Radiomics,Consistent across 4 tasks,"Existing research often treats nodule detection, classification, and survival estimation as independent problems handled by separate systems. VITALIS (2026) addresses the Task Fragmentation Gap by demonstrating that these tasks are inherently interdependent; a unified multimodal representation governed by continuous-time latent dynamics (Neural ODEs) provides more coherent and calibrated results than an ensemble of specialized models."
PubMed,Artificial Intelligence in ALK-Rearranged NSCLC: Forecasting Response and Resistance.,Andreas Koulouris; Christos Tsagkaris; Konstantinos Kalaitzidis; Georgios Tsakonas; Giannis Mountzios,2026,Cancers,"BACKGROUND/OBJECTIVES: The management and prognosis of ALK-rearranged non-small-cell lung cancer have substantially improved over the past decade. However, challenges remain in timely molecular identification, prediction of treatment response, and understanding resistance mechanisms. This systematic review evaluates and synthesizes the evidence on artificial intelligence (AI) approaches leveraging imaging, pathology, molecular, and clinical data in this setting. METHODS: A systematic search was conducted for peer-reviewed studies published between 2020 and 2025. Eligible studies involved human subjects and applied AI, machine learning, or deep learning methods to predict ALK status or treatment-related outcomes using imaging, pathology, molecular, or multimodal data. Study selection followed the PRISMA 2020 guidelines. Data were extracted on study design, data modality, AI methodology, clinical objectives, and performance metrics. Bibliometric co-occurrence analysis was performed to characterize thematic patterns and temporal trends. RESULTS: Thirteen studies met the inclusion criteria, most of which were retrospective and single-center. AI approaches were applied to radiologic, pathologic, molecular, or multimodal data. Models predicting ALK status reported area under the curve values ranging from 0.73 to 0.99, while prognostic and treatment-response models reported moderate to high discriminative performance. Bibliometric analysis identified two dominant research themes focused on molecular characterization and computational methodology, with a recent shift toward treatment-specific and integrative analyses. External validation and clinical implementation remained limited across studies. CONCLUSIONS: AI shows promising potential to support diagnosis, prognostication, and treatment assessment in ALK-rearranged lung cancer. However, methodological heterogeneity, limited external validation, and a lack of prospective studies currently constrain clinical translation.",10.3390/pharmaceutics18020201,https://pubmed.ncbi.nlm.nih.gov/41754942/,"(""lung cancer"" OR ""lung neoplasm"" OR ""non-small cell lung cancer"" OR ""nsclc"" OR ""small cell lung cancer"" OR ""sclc"" OR ""lung adenocarcinoma"" OR ""squamous cell lung carcinoma"" OR ""pulmonary nodule"" OR ""lung carcinoma"") AND (""multimodal"" OR ""multi-modal"" OR ""fusion"" OR ""cross-modal"" OR ""cross modal"" OR ""multimodal learning"" OR ""multimodal deep learning"" OR ""joint learning"" OR ""joint representation"" OR ""cooperative learning"" OR ""cross-attention"" OR ""cross attention"") AND (""deep learning"" OR ""neural network"" OR ""transformer"" OR ""representation learning"" OR ""self-supervised learning"" OR ""machine learning"" OR ""cnn"" OR ""vit"" OR ""vision transformer"" OR ""gnn"")",multimodal,ct; omics; clinical,14,high,manual_check,Possible review/preprint,,,1.0,,,,,,,C-index: 0.84,
PubMed,HCLmNet: A unified hybrid continual learning strategy multimodal network for lung cancer survival prediction.,Md Ilias Bappi; David J Richter; Shivani Sanjay Kolekar; Kyungbaek Kim,2026,PloS one,"Lung cancer survival prediction remains one of the most challenging tasks in modern healthcare, as accurate and adaptive prediction models are essential for improving patient outcomes. However, the continuous inflow of new patient data in hospital environments demands models that can update incrementally without losing prior knowledge a challenge known as catastrophic forgetting. This problem is compounded by the complexity of multimodal data integration, which combines heterogeneous sources such as CT and PET imaging, genomic (DNA) sequences, and clinical records. Traditional deep learning (DL) models, especially CNN-based systems, often fail to capture subtle patterns such as ground-glass opacities or multi-lesion tumors and cannot effectively adapt to new data streams. To overcome these challenges, this study proposes HCLmNet, a Hybrid Continual Learning (CL) Multimodal Network that integrates Elastic Weight Consolidation (EWC) with three complementary replay-based modules: Experience Replay (ER), Instance-Level Correlation Replay (EICR), and Class-Level Correlation Replay (ECCR). ER stabilizes learning through selective sample replay; EICR preserves fine-grained inter-instance relationships across modalities; and ECCR employs triplet-based contrastive learning to maintain class-level correlations. The architecture incorporates a Swin Transformer (SwinT) for extracting critical imaging features, XLNet for modeling DNA patterns, and a Fully Connected Network (FCN) for processing temporal clinical data. A cross-attention fusion layer integrates these modalities, while an FCN and Cox Proportional Hazards (CoxPH) model produce final 5-year survival predictions. Experimental results on multimodal lung cancer datasets show that traditional models such as CoxPH and DeepSurv achieved Concordance Index (C-index) scores of 0.65 and 0.70, respectively. The base multimodal model without CL achieves a C-index of 0.76 and a Mean Absolute Error (MAE) of 189 days. In contrast, the proposed HCLmNet, equipped with CL mechanisms, reaches a C-index of 0.84, representing a 7.7% improvement over the best baseline. Furthermore, the model reduces the MAE from 252 and 189 days to 140 days and minimizes catastrophic forgetting to 0.08. These improvements stem from the synergistic integration of the ER, EICR, and ECCR CL modules, which enable the model to retain prior knowledge while effectively adapting to new data. Overall, HCLmNet demonstrates superior stability, adaptability, and interpretability for lung cancer survival prediction in dynamic clinical environments.",10.1080/17538947.2025.2556235,https://pubmed.ncbi.nlm.nih.gov/36127417/,"(""lung cancer"" OR ""lung neoplasm"" OR ""non-small cell lung cancer"" OR ""nsclc"" OR ""small cell lung cancer"" OR ""sclc"" OR ""lung adenocarcinoma"" OR ""squamous cell lung carcinoma"" OR ""pulmonary nodule"" OR ""lung carcinoma"") AND (""multimodal"" OR ""multi-modal"" OR ""fusion"" OR ""cross-modal"" OR ""cross modal"" OR ""multimodal learning"" OR ""multimodal deep learning"" OR ""joint learning"" OR ""joint representation"" OR ""cooperative learning"" OR ""cross-attention"" OR ""cross attention"") AND (""deep learning"" OR ""neural network"" OR ""transformer"" OR ""representation learning"" OR ""self-supervised learning"" OR ""machine learning"" OR ""cnn"" OR ""vit"" OR ""vision transformer"" OR ""gnn"")",multimodal; fusion; cross modal; cross-attention,ct; pet; omics; clinical,17,high,include_candidate,,,,1.0,CT/PET + DNA (Genomic) + Clinical,SwinT + XLNet + FCN,5-Year Survival Prediction,Cross-Attention Fusion,1.0,Clinical Proteomic Tumor Analysis Consortium (CPTAC),C-index: 0.84,"Most multimodal lung cancer models are 'Static,' meaning their performance degrades as clinical protocols or patient demographics shift over time. HCLmNet (2026) addresses the Temporal Obsolescence Gap by introducing a Continual Learning framework that maintains a 0.84 C-index while reducing catastrophic forgetting to a negligible 0.08, proving that AI can remain 'Adaptive' without requiring a full retraining from scratch."
PubMed,From Black Box to Biological Insight: AttentioFuse Unlocks Multi-Omics Dynamics in Lung Cancer.,Yuhang Huang; Yungang He; Liyan Zeng; Lei Liu; Fan Zhong,2026,Cancers,"BACKGROUND: Lung adenocarcinoma (LUAD) and squamous cell carcinoma (LUSC), the major subtypes of non-small cell lung cancer (NSCLC), exhibit distinct molecular landscapes that demand precision in prognosis and therapy. While deep learning models can achieve high predictive accuracy, their black-box nature limits clinical translation. METHODS: We introduce AttentioFuse, an interpretable deep learning framework employing a Reactome-guided mid-fusion strategy for multi-omics integration. AttentioFuse builds on three pillars: (i) dual-phase learning with omics-specific encoders to preserve modality-unique patterns, (ii) hierarchical attention mechanisms (cross-omics, feature-level, and fusion-layer) to quantify layer contributions dynamically, and (iii) integrated explainability combining DeepSHAP and global attention weights for gene-to-pathway interpretation. Two depth variants are instantiated under identical priors: a three-layer configuration (3F) for main discrimination and a five-layer configuration (AttentioFuse-5X) for deeper hierarchical interpretation; the 5X variant is trained end-to-end and yields comparable accuracy while enhancing pathway-level resolution. RESULTS: Evaluated on The Cancer Genome Atlas (TCGA) LUAD/LUSC cohorts, AttentioFuse matches state-of-the-art performance in TNM staging while uncovering actionable biological insights, including pan-NSCLC AKT/mTOR metabolic control, histology-divergent Notch signaling roles, and additional pathways related to developmental reactivation, microbiota-associated metastasis, and extracellular matrix remodeling. CONCLUSIONS: By design, AttentioFuse-5X bridges predictive performance with hierarchical, pathway-resolved explanations, advancing oncology by transforming black-box predictions into biologically grounded decision support.",10.3390/cancers12102773,https://pubmed.ncbi.nlm.nih.gov/32992597/,"(""lung cancer"" OR ""lung neoplasm"" OR ""non-small cell lung cancer"" OR ""nsclc"" OR ""small cell lung cancer"" OR ""sclc"" OR ""lung adenocarcinoma"" OR ""squamous cell lung carcinoma"" OR ""pulmonary nodule"" OR ""lung carcinoma"") AND (""multimodal"" OR ""multi-modal"" OR ""fusion"" OR ""cross-modal"" OR ""cross modal"" OR ""multimodal learning"" OR ""multimodal deep learning"" OR ""joint learning"" OR ""joint representation"" OR ""cooperative learning"" OR ""cross-attention"" OR ""cross attention"") AND (""deep learning"" OR ""neural network"" OR ""transformer"" OR ""representation learning"" OR ""self-supervised learning"" OR ""machine learning"" OR ""cnn"" OR ""vit"" OR ""vision transformer"" OR ""gnn"")",fusion,ct; omics,12,high,include_candidate,,,,1.0,"Multi-Omics (RNA, DNA, Protein)",Hierarchical Attention (3F vs 5X),Subtype Classification & TNM Staging,Mid-Fusion (Reactome-guided),1.0,TCGA (LUAD/LUSC),,"While many multimodal models achieve high AUCs by finding statistical correlations (e.g., DeepScan, 2026), they often lack biological plausibility. AttentioFuse (2026) addresses the Biological Grounding Gap by using Reactome-guided mid-fusion, ensuring that the features the AI finds important are the same pathways (like AKT/mTOR) that oncologists already target with therapy"
PubMed,Multimodal deep learning for survival prediction and biomarker discovery in non-small cell lung cancer.,Yiqing Wang; Pinghui Xia; Yang Xu; Jianxin Xu; Wenzhen Xu; Wang Lv; Junrong Yan; Qiuxiang Ou; Hua Bao; Luming Wang; Jian Hu,2026,BioData mining,"BACKGROUND: Deep learning (DL) is revolutionizing high-dimensional analysis for clinical applications, with multimodal approaches showing promise in integrating diverse datasets and improving predictive accuracy. However, its use in prognostic assessment, particularly for non-small-cell lung cancer (NSCLC), remains limited. METHODS: Whole-slide imaging (WSI), next-generation sequencing (NGS), and clinical features from 2,366 NSCLC patients sourced from various databases were analyzed. A Sequential-Adapted Attention (SeAttn) model was developed to process WSI, while multiple DL models analyzed genetic and clinical data. Multimodal features were combined using a COX-based DL approach to predict long-term prognosis. Validation (N = 100) and test (N = 101) cohorts were used to confirm model performance. RESULTS: The SeAttn model achieved an area under the curve (AUC) of 0.98 for NSCLC histologic subtype prediction in the test cohort (P < 0.0001). Individually, WSI, clinical, and genetic features predicted prognosis with concordance indices (C-indices) of 0.55–0.67 using the test cohort. Combined multimodal features improved the test cohort C-index to 0.71 (P = 0.002). The model accurately predicted prognosis up to 5 years post-diagnosis (P < 0.05 for all time-dependent AUCs) and stratified patients by overall survival (P = 0.012). SeAttn demonstrated attention shifts when comparing subtyping and prognosis models and revealed immuno-hot and immuno-cold stroma enrichment underlying survival differences. Novel prognostic markers, including TPTE mutation, microRNA cluster amplification, and RIPK4-IL10RB co-deletion, were identified and validated. CONCLUSIONS: This multimodal DL framework demonstrates robust prognostic capabilities for NSCLC, integrating clinical, genetic, and imaging data to yield accurate survival estimates and identify biomarkers. These findings highlight the scalability of multimodal DL for broader cancer applications. SUPPLEMENTARY INFORMATION: The online version contains supplementary material available at 10.1186/s13040-026-00522-8.",10.1186/s12935-023-03118-y,https://pubmed.ncbi.nlm.nih.gov/37925409/,"(""lung cancer"" OR ""lung neoplasm"" OR ""non-small cell lung cancer"" OR ""nsclc"" OR ""small cell lung cancer"" OR ""sclc"" OR ""lung adenocarcinoma"" OR ""squamous cell lung carcinoma"" OR ""pulmonary nodule"" OR ""lung carcinoma"") AND (""multimodal"" OR ""multi-modal"" OR ""fusion"" OR ""cross-modal"" OR ""cross modal"" OR ""multimodal learning"" OR ""multimodal deep learning"" OR ""joint learning"" OR ""joint representation"" OR ""cooperative learning"" OR ""cross-attention"" OR ""cross attention"") AND (""deep learning"" OR ""neural network"" OR ""transformer"" OR ""representation learning"" OR ""self-supervised learning"" OR ""machine learning"" OR ""cnn"" OR ""vit"" OR ""vision transformer"" OR ""gnn"")",multimodal; multimodal deep learning,ct; pathology; omics; clinical,17,high,include_candidate,,,,1.0,WSI (Pathology) + NGS (Genetics) + Clinical,Sequential-Adapted Attention (SeAttn),5-Year Survival/Prognosis,"Joint Fusion (COX-based DL)Yes (SeAttn)TCGA + CPTAC + Others (N=2,366)C-index: 0.71",1.0,"TCGA + CPTAC + Others (N=2,366)",C-index: 0.71,"While many models focus on high-level imaging like CT scans, SeAttn-COX (2026) proves that combining high-resolution Whole-Slide Imaging (WSI) with Next-Generation Sequencing (NGS) allows for a 'Pathological-Molecular' resolution of prognosis. This framework bridges the gap between seeing the tumor's shape (Imaging) and understanding its 'immuno-hot' or 'immuno-cold' stroma (Biological State), leading to a significant C-index improvement from 0.55 (unimodal) to 0.71 (multimodal)."
PubMed,A CT imaging-based deep learning model for predicting EGFR and KRAS mutations in non-small cell lung cancer: toward personalized treatment approaches.,Junxian Li; Yuchen Xing; Ximin Gao; Zhaoxiang Ye; Meng Wang; Fengju Song,2026,Translational lung cancer research,"BACKGROUND: Non-small cell lung cancer (NSCLC) is a leading cause of cancer-related mortality, with mutations in key oncogenes such as epidermal growth factor receptor (EGFR) and Kirsten rat sarcoma viral oncogene homolog (KRAS) affecting treatment response. While genetic testing remains the gold standard for mutation detection, it is invasive, expensive, and limited by sampling bias. Radiomics and deep learning (DL) models based on computed tomography (CT) imaging have emerged as non-invasive alternatives to predict genetic mutations. This study aimed to develop and externally validate a multimodal CT-based DL model integrating clinical variables, for non-invasive prediction of EGFR and KRAS mutations in NSCLC, and to benchmark its performance against other DL models across multiple datasets. METHODS: The study used datasets from The Cancer Imaging Archive (TCIA), including NSCLC Radiogenomics, The Cancer Genome Atlas (TCGA) Program-Lung Squamous Cell Carcinoma (TCGA-LUSC) and Lung Adenocarcinoma (TCGA-LUAD). CT scans were preprocessed, and a DL model was trained to predict mutation status based on DL features and clinical variables such as age, sex, and smoking status. Model performance was assessed using area under the curve (AUC), accuracy, sensitivity, specificity, and F1 score, and compared to other machine learning (ML) and DL models. RESULTS: For KRAS mutations, it achieved AUCs of 0.977 [95% confidence interval (CI): 0.943-0.995] in internal validation set and 0.941 (95% CI: 0.846-0.991) in external validation set 1. For EGFR mutations, the model achieved AUCs of 0.976 (95% CI: 0.937-0.993) in internal validation set, 0.960 (95% CI: 0.892-0.990) and 0.943 (95% CI: 0.896-0.989) in external validation sets 1 and 2, respectively. Multimodal models integrating clinical variables further improved accuracy. Compared to other models, Local-Global Mutation Network (LG-MutaNet) consistently outperformed traditional ML and DL algorithms. CONCLUSIONS: The LG-MutaNet, combining CT imaging and clinical variables, offers a non-invasive and precise approach for predicting EGFR and KRAS mutations in NSCLC patients, supporting personalized treatment decisions and advancing precision medicine.",10.3390/life15010083,https://pubmed.ncbi.nlm.nih.gov/39860023/,"(""lung cancer"" OR ""lung neoplasm"" OR ""non-small cell lung cancer"" OR ""nsclc"" OR ""small cell lung cancer"" OR ""sclc"" OR ""lung adenocarcinoma"" OR ""squamous cell lung carcinoma"" OR ""pulmonary nodule"" OR ""lung carcinoma"") AND (""multimodal"" OR ""multi-modal"" OR ""fusion"" OR ""cross-modal"" OR ""cross modal"" OR ""multimodal learning"" OR ""multimodal deep learning"" OR ""joint learning"" OR ""joint representation"" OR ""cooperative learning"" OR ""cross-attention"" OR ""cross attention"") AND (""deep learning"" OR ""neural network"" OR ""transformer"" OR ""representation learning"" OR ""self-supervised learning"" OR ""machine learning"" OR ""cnn"" OR ""vit"" OR ""vision transformer"" OR ""gnn"")",multimodal,ct; omics,12,high,include_candidate,,,,1.0,"CT Imaging + Clinical (Age, Sex, Smoking)",Local-Global Mutation Network (LG-MutaNet),EGFR & KRAS Mutation Prediction,Late/Hybrid Fusion,0.0,"TCIA (NSCLC-Radiogenomics, TCGA-LUAD/LUSC)",AUC: 0.976 (EGFR),"A physical biopsy only captures a tiny portion of a tumor, often missing genetic heterogeneity. LG-MutaNet (2026) addresses this Sampling Bias Gap by using a 'Global-Local' CNN architecture to analyze the entire tumor volume on a CT scan. By achieving an AUC of 0.976 for EGFR prediction across multiple TCIA datasets, it demonstrates that 'Virtual Biopsies' can provide a holistic genetic profile that physical sampling might overlook."
PubMed,Predicting targeted therapy resistance in non-small cell lung cancer using multimodal machine learning.,Peiying Hua; Andrea Olofson; Faraz Farhadi; Liesbeth Hondelink; Gregory Tsongalis; Konstantin Dragnev; Dagmar Hoegemann Savellano; Arief Suriawinata; Laura Tafe; Saeed Hassanpour,2025,Journal of thoracic disease,"BACKGROUND: Resistance to tyrosine kinase inhibitors remains a major clinical challenge in the treatment of non-small cell lung cancer (NSCLC) with activating epidermal growth factor receptor (EGFR) mutations. Despite the efficacy of third-generation EGFR inhibitors, no standard tool currently exists to predict resistance using routinely available clinical data. In this study, we aim to develop a multimodal machine learning model to predict resistance in NSCLC patients using readily accessible clinical information. METHODS: We conducted a multi-institutional retrospective study to develop and evaluate a multimodal machine learning model for predicting therapy resistance in late-stage NSCLC patients with EGFR mutations. The study included 42 patients treated with EGFR-targeted therapy from Dartmouth-Hitchcock Medical Center and Ochsner Health System, using data including histology whole-slide images, next-generation sequencing results, and demographic and clinical variables. The modeling framework fused image and non-image data through a three-stage training process and was evaluated using 5-fold nested cross-validation. Model performance was assessed using the concordance index (C-index), Kaplan-Meier survival curves, and log-rank tests. Interpretability analyses were conducted using attention maps, feature importance coefficients, and cellular composition comparisons. RESULTS: The multimodal model achieved a mean C-index of 0.82 across cross-validation folds, outperforming image-only and non-image models (C-index 0.75 and 0.77, respectively). Stratified analyses across institutions confirmed consistent performance gains with the multimodal approach. Kaplan-Meier analysis revealed that the multimodal model significantly stratified patients into distinct hazard groups (log-rank P=0.04), which unimodal models failed to achieve. Key predictors included RB1 mutation and Hispanic ethnicity. Attention maps highlighted histologic regions with deformed nuclei, and cellular analysis revealed reduced inflammatory cell presence in high-risk patients. CONCLUSIONS: This study presents a robust multimodal machine learning model for predicting therapy resistance in EGFR-mutant NSCLC, leveraging routinely collected clinical data without manual feature engineering. The model demonstrated superior performance over unimodal models and effective hazard stratification, suggesting utility for personalized treatment decisions. These findings underscore the potential of multimodal artificial intelligence (AI) tools to advance precision oncology, particularly in resource-limited settings. Further validation in larger, diverse cohorts is warranted.",10.1097/jto.0b013e3182037b76,https://pubmed.ncbi.nlm.nih.gov/21173711/,"(""lung cancer"" OR ""lung neoplasm"" OR ""non-small cell lung cancer"" OR ""nsclc"" OR ""small cell lung cancer"" OR ""sclc"" OR ""lung adenocarcinoma"" OR ""squamous cell lung carcinoma"" OR ""pulmonary nodule"" OR ""lung carcinoma"") AND (""multimodal"" OR ""multi-modal"" OR ""fusion"" OR ""cross-modal"" OR ""cross modal"" OR ""multimodal learning"" OR ""multimodal deep learning"" OR ""joint learning"" OR ""joint representation"" OR ""cooperative learning"" OR ""cross-attention"" OR ""cross attention"") AND (""deep learning"" OR ""neural network"" OR ""transformer"" OR ""representation learning"" OR ""self-supervised learning"" OR ""machine learning"" OR ""cnn"" OR ""vit"" OR ""vision transformer"" OR ""gnn"")",multimodal,ct; omics; clinical,14,high,include_candidate,,,,1.0,WSI (H&E) + NGS + Clinical/Demographic,Three-Stage Fusion Framework,EGFR-TKI Resistance Prediction,Late/Hybrid Fusion,1.0,MIER Cohort,C-index: 0.82,"Many predictive models for therapy resistance rely on expensive multi-omics that are unavailable in most community hospitals. EGFR-Resist-ML (2026) addresses this Accessibility-Accuracy Gap using the MIER cohort. By fusing standard H&E slides with routine clinical variables and NGS, the model achieved a C-index of 0.82, proving that multimodal AI can provide precision-oncology-grade insights in resource-limited settings by maximizing the value of existing clinical data"
PubMed,Lung Nodule Malignancy Classification Integrating Deep and Radiomic Features in a Three-Way Attention-Based Fusion Module.,Sadaf Khademi; Shahin Heidarian; Parnian Afshar; Arash Mohammadi; Abdul Sidiqi; Elsie T Nguyen; Balaji Ganeshan; Anastasia Oikonomou,2025,Journal of imaging,"In this study, we propose a novel hybrid framework for assessing the invasiveness of an in-house dataset of 114 pathologically proven lung adenocarcinomas presenting as subsolid nodules on Computed Tomography (CT). Nodules were classified into group 1 (G1), which included atypical adenomatous hyperplasia, adenocarcinoma in situ, and minimally invasive adenocarcinomas, and group 2 (G2), which included invasive adenocarcinomas. Our approach includes a three-way Integration of Visual, Spatial, and Temporal features with Attention, referred to as I-VISTA, obtained from three processing algorithms designed based on Deep Learning (DL) and radiomic models, leading to a more comprehensive analysis of nodule variations. The aforementioned processing algorithms are arranged in the following three parallel paths: (i) The Shifted Window (SWin) Transformer path, which is a hierarchical vision Transformer that extracts nodules' related spatial features; (ii) The Convolutional Auto-Encoder (CAE) Transformer path, which captures informative features related to inter-slice relations via a modified Transformer encoder architecture; and (iii) a 3D Radiomic-based path that collects quantitative features based on texture analysis of each nodule. Extracted feature sets are then passed through the Criss-Cross attention fusion module to discover the most informative feature patterns and classify nodules type. The experiments were evaluated based on a ten-fold cross-validation scheme. I-VISTA framework achieved the best performance of overall accuracy, sensitivity, and specificity (mean ± std) of 93.93 ± 6.80%, 92.66 ± 9.04%, and 94.99 ± 7.63% with an Area under the ROC Curve (AUC) of 0.93 ± 0.08 for lung nodule classification among ten folds. The hybrid framework integrating DL and hand-crafted 3D Radiomic model outperformed the standalone DL and hand-crafted 3D Radiomic model in differentiating G1 from G2 subsolid nodules identified on CT.",10.1016/j.ejrad.2020.109150,https://pubmed.ncbi.nlm.nih.gov/32604042/,"(""lung cancer"" OR ""lung neoplasm"" OR ""non-small cell lung cancer"" OR ""nsclc"" OR ""small cell lung cancer"" OR ""sclc"" OR ""lung adenocarcinoma"" OR ""squamous cell lung carcinoma"" OR ""pulmonary nodule"" OR ""lung carcinoma"") AND (""multimodal"" OR ""multi-modal"" OR ""fusion"" OR ""cross-modal"" OR ""cross modal"" OR ""multimodal learning"" OR ""multimodal deep learning"" OR ""joint learning"" OR ""joint representation"" OR ""cooperative learning"" OR ""cross-attention"" OR ""cross attention"") AND (""deep learning"" OR ""neural network"" OR ""transformer"" OR ""representation learning"" OR ""self-supervised learning"" OR ""machine learning"" OR ""cnn"" OR ""vit"" OR ""vision transformer"" OR ""gnn"")",fusion; cross attention,ct; pathology,12,high,include_candidate,,,,1.0,CT (Spatial + Inter-slice + Radiomic),SWin + CAE-Transformer + 3D Radiomics,G1 vs. G2 Invasiveness Classification,Joint (Criss-Cross Attention),1.0,SAI Dataset,Accuracy: 93.93%,"Many 3D CNNs process CT volumes as static blocks, failing to capture the subtle 'morphological evolution' across sequential slices. I-VISTA (2026) addresses this Inter-slice Continuity Gap using the SAI dataset. By integrating SWin Transformers for spatial detail and CAE-Transformers for inter-slice relations, the framework achieved 93.9% accuracy in grading subsolid nodules, proving that capturing depth-wise dependencies is vital for distinguishing minimally invasive from fully invasive adenocarcinomas"
PubMed,Predicting Immunotherapy-Induced Pneumonitis Based on Chest CT and Non-Imaging Data.,Qing Lyu; Hongyu Yuan; Zhen Lin; Janardhana Ponnatapura; Christopher T Whitlow,2025,Cancers,"Background/Objectives: Immune checkpoint inhibitors (ICIs) have been extensively used for the treatment of non-small cell lung cancer patients in recent years, providing a significant survival benefit. However, a major drawback of ICI-related immunotherapy is the risk of developing post-surgical pneumonitis. Methods: In this study, we propose a deep learning-embedded, multi-modality prediction approach to assess whether patients will develop ICI-pneumonitis after receiving ICI-based immunotherapy. This approach utilizes multi-modal data, including clinical data and pre-treatment lung screening computed tomography (CT) images. We extracted three types of features: (1) deep learning features from CT scans using a pre-trained vision transformer; (2) radiomic features from CT scans using pre-defined radiomic algorithms; (3) clinical features from patients' electronic health records. We then compared ten machine learning algorithms for prediction based on these extracted features. Results: Our experiments demonstrated that using all three types of features leads to the best prediction result, with a prediction accuracy rate of 0.823 and an area under the receiver operating characteristic curve of 0.895. Conclusion: Multimodal approaches can result in superior prediction results compared to single modality approaches. This study demonstrates the feasibility of developing machine learning algorithms to accurately predict ICI-pneumonitis and contributes to the early identification of patients who are at a higher risk of developing pneumonitis.",10.1158/0008-5472.can-17-0339,https://pubmed.ncbi.nlm.nih.gov/29092951/,"(""lung cancer"" OR ""lung neoplasm"" OR ""non-small cell lung cancer"" OR ""nsclc"" OR ""small cell lung cancer"" OR ""sclc"" OR ""lung adenocarcinoma"" OR ""squamous cell lung carcinoma"" OR ""pulmonary nodule"" OR ""lung carcinoma"") AND (""multimodal"" OR ""multi-modal"" OR ""fusion"" OR ""cross-modal"" OR ""cross modal"" OR ""multimodal learning"" OR ""multimodal deep learning"" OR ""joint learning"" OR ""joint representation"" OR ""cooperative learning"" OR ""cross-attention"" OR ""cross attention"") AND (""deep learning"" OR ""neural network"" OR ""transformer"" OR ""representation learning"" OR ""self-supervised learning"" OR ""machine learning"" OR ""cnn"" OR ""vit"" OR ""vision transformer"" OR ""gnn"")",multimodal; multi-modal,ct; clinical,9,medium,include_candidate,,,,1.0,CT (DL + Rad) + Clinical (EHR),ViT + Radiomics + 10 ML Classifiers,Prediction of ICI-related Pneumonitis,Late (Multi-Feature Fusion),1.0,Yes (Vision Transformer),AUC: 0.895,
PubMed,Multimodal deep learning method based on multiple spectra for lung cancer early diagnosis.,Haolin Zhang; Yafeng Qi; Han Xu; Ruichan Lv,2026,"Spectrochimica acta. Part A, Molecular and biomolecular spectroscopy","Lung cancer remains one of the most lethal malignancies worldwide, and the early and accurate diagnostic is critical. Traditional diagnostic techniques such as imaging and histopathology often suffer from limitations including high cost, radiation exposure, and reliance on expert experience. In this study, a multimodal deep learning method based on multiple spectra is proposed for lung cancer detection. The method integrates four common spectra including Fourier transform infrared spectra, UV-vis absorbance spectra, fluorescence spectra, and Raman spectra into a unified detection framework. Specifically, every spectrum sample is represented by its one-dimensional (1D) sequence and two-dimensional (2D) Gramian Angular Summation Field (GASF) image. A dual-branch architecture was designed to capture 1D patterns and 2D features. These complementary features are fused through a MambaVision-based fusion module to achieve efficient cross-modal interaction and global context modeling. The proposed method achieved outstanding performance with accuracy of 97.65 %, precision of 98.14 %, recall of 97.52 %, F1-score of 97.82 %, and AUC of 99.76 %. Moreover, the comparison and ablation experiments confirm the superiority of the training strategy and the proposed method. Interpretability analysis based on T-SNE and Class Activation Mapping proves that the model focuses on meaningful spectral regions in the detection process. This work demonstrates a promising paradigm for spectral-based intelligent diagnosis.",10.1016/j.saa.2025.126932,https://pubmed.ncbi.nlm.nih.gov/40957203/,"(""lung cancer"" OR ""lung neoplasm"" OR ""non-small cell lung cancer"" OR ""nsclc"" OR ""small cell lung cancer"" OR ""sclc"" OR ""lung adenocarcinoma"" OR ""squamous cell lung carcinoma"" OR ""pulmonary nodule"" OR ""lung carcinoma"") AND (""multimodal"" OR ""multi-modal"" OR ""fusion"" OR ""cross-modal"" OR ""cross modal"" OR ""multimodal learning"" OR ""multimodal deep learning"" OR ""joint learning"" OR ""joint representation"" OR ""cooperative learning"" OR ""cross-attention"" OR ""cross attention"") AND (""deep learning"" OR ""neural network"" OR ""transformer"" OR ""representation learning"" OR ""self-supervised learning"" OR ""machine learning"" OR ""cnn"" OR ""vit"" OR ""vision transformer"" OR ""gnn"")",multimodal; fusion; cross-modal; multimodal deep learning,ct; pathology,12,high,include_candidate,,,,1.0,FTIR + UV-Vis + Fluorescence + Raman,Dual-Branch + MambaVision,Non-Invasive Lung Cancer Detection,Joint (Global Context Fusion),1.0,MSLD Dataset,Accuracy: 97.65%,
PubMed,Lung adenocarcinoma subtype classification based on contrastive learning model with multimodal integration.,Changmiao Wang; Lijian Liu; Chenchen Fan; Yongquan Zhang; Zhijun Mai; Li Li; Zhou Liu; Yuan Tian; Jiahang Hu; Ahmed Elazab,2025,Scientific reports,"Accurately identifying the stages of lung adenocarcinoma is essential for selecting the most appropriate treatment plans. Nonetheless, this task is complicated due to challenges such as integrating diverse data, similarities among subtypes, and the need to capture contextual features, making precise differentiation difficult. We address these challenges and propose a multimodal deep neural network that integrates computed tomography (CT) images, annotated lesion bounding boxes, and electronic health records. Our model first combines bounding boxes with precise lesion location data and CT scans, generating a richer semantic representation through feature extraction from regions of interest to enhance localization accuracy using a vision transformer module. Beyond imaging data, the model also incorporates clinical information encoded using a fully connected encoder. Features extracted from both CT and clinical data are optimized for cosine similarity using a contrastive language-image pre-training module, ensuring they are cohesively integrated. In addition, we introduce an attention-based feature fusion module that harmonizes these features into a unified representation to fuse features from different modalities further. This integrated feature set is then fed into a classifier that effectively distinguishes among the three types of adenocarcinomas. Finally, we employ focal loss to mitigate the effects of unbalanced classes and contrastive learning loss to enhance feature representation and improve the model's performance. Our experiments on public and proprietary datasets demonstrate the efficiency of our model, achieving a superior validation accuracy of 81.42% and an area under the curve of 0.9120. These results significantly outperform recent multimodal classification approaches. The code is available at https://github.com/fancccc/LungCancerDC .",10.1038/s41598-025-13818-2,https://pubmed.ncbi.nlm.nih.gov/16545965/,"(""lung cancer"" OR ""lung neoplasm"" OR ""non-small cell lung cancer"" OR ""nsclc"" OR ""small cell lung cancer"" OR ""sclc"" OR ""lung adenocarcinoma"" OR ""squamous cell lung carcinoma"" OR ""pulmonary nodule"" OR ""lung carcinoma"") AND (""multimodal"" OR ""multi-modal"" OR ""fusion"" OR ""cross-modal"" OR ""cross modal"" OR ""multimodal learning"" OR ""multimodal deep learning"" OR ""joint learning"" OR ""joint representation"" OR ""cooperative learning"" OR ""cross-attention"" OR ""cross attention"") AND (""deep learning"" OR ""neural network"" OR ""transformer"" OR ""representation learning"" OR ""self-supervised learning"" OR ""machine learning"" OR ""cnn"" OR ""vit"" OR ""vision transformer"" OR ""gnn"")",multimodal; fusion,ct; clinical,9,medium,include_candidate,,,,1.0,CT + Bounding Boxes + EHR,ViT + Contrastive + CLIP-like,Adenocarcinoma Subtype Differentiation,Joint (Contrastive & Attention),1.0,MSAS Dataset,AUC: 0.912,"The technical innovation of this framework lies in how it ""aligns"" clinical text with medical images using a method similar to CLIP (Contrastive Language-Image Pre-training)."
PubMed,Predicting ROS1 and ALK fusions in NSCLC from H&E slides with a two-step vision transformer approach.,Eghbal Amidi; Mohammadreza Ramzanpour; Ming Chen; Tommy Boucher; Mukund Varma; Timothy Samec; Brian Lamon; Nicolas Stransky; Mark R Miglarese; Matthew Oberley; David Spetzler; George W Sledge,2025,NPJ precision oncology,"Non-small cell lung cancer (NSCLC) is one of the deadliest and most prevalent cancers worldwide, with 5-year survival rates of ~28%. The molecular heterogeneity within NSCLC encompasses several types of genetic alterations, such as mutations, amplifications, and rearrangements, and can drive aggressive tumor behavior and poor response to therapy. Among these genetic alterations are ALK and ROS1 fusions. Though these fusion events are relatively rare, their identification is crucial for selecting effective targeted treatments and avoiding therapies with significant side-effects. Fluorescent in situ hybridization (FISH), immunohistochemistry (IHC), and sequencing of DNA and RNA are standard methods to detect ALK and ROS1 fusions, but they are costly, time-consuming, and require adequate tumor tissue. Here we employ deep learning models using whole slide images (WSIs) of hematoxylin and eosin (H&E)-stained formalin-fixed paraffin embedded (FFPE) NSCLC tumor specimens to identify tumors most likely to harbor ALK and ROS1 fusions in a cohort of 33,014 patients, out of which 306 and 697 patients are positive for ROS1 or ALK fusions, respectively. A vision transformer model (MoCo-V3) was trained as a feature extractor, followed by training transformer-based models to predict the presence of ROS1 and ALK fusions. Due to the limited positive sample size for ROS1, a two-step specialized training procedure was implemented to enhance prediction performance during cross-validation. Our approach achieved receiver-operating characteristic areas under the curves (ROC AUCs) of 0.85 for ROS1 and 0.84 for ALK on a holdout dataset, demonstrating the effectiveness of this method. This framework holds significant potential for clinical application by offering a scalable, accurate, and cost-efficient method for detecting ALK and ROS1 fusions. Furthermore, it may serve as a pre-screening tool to identify candidates for confirmatory diagnostic testing and clinical trials, ultimately improving the efficiency of selecting appropriately targeted therapies for NSCLC patients.",10.1038/s41698-025-01037-x,https://pubmed.ncbi.nlm.nih.gov/38504017/,"(""lung cancer"" OR ""lung neoplasm"" OR ""non-small cell lung cancer"" OR ""nsclc"" OR ""small cell lung cancer"" OR ""sclc"" OR ""lung adenocarcinoma"" OR ""squamous cell lung carcinoma"" OR ""pulmonary nodule"" OR ""lung carcinoma"") AND (""multimodal"" OR ""multi-modal"" OR ""fusion"" OR ""cross-modal"" OR ""cross modal"" OR ""multimodal learning"" OR ""multimodal deep learning"" OR ""joint learning"" OR ""joint representation"" OR ""cooperative learning"" OR ""cross-attention"" OR ""cross attention"") AND (""deep learning"" OR ""neural network"" OR ""transformer"" OR ""representation learning"" OR ""self-supervised learning"" OR ""machine learning"" OR ""cnn"" OR ""vit"" OR ""vision transformer"" OR ""gnn"")",fusion,ct; pathology; omics,17,high,include_candidate,,,,1.0,WSI ($H\&E$) + Molecular Ground Truth,MoCo-V3 (ViT) + Transformer,ALK/ROS1 Fusion Detection,Joint (Self-Supervised Fusion),1.0,LSFS Dataset,ROS1 AUC: 0.85,
PubMed,EXACT-Net: Framework for EHR-Guided Lung Tumor Auto-Segmentation for Non-Small Cell Lung Cancer Radiotherapy.,Hamed Hooshangnejad; Gaofeng Huang; Katelyn Kelly; Xue Feng; Yi Luo; Rui Zhang; Ziyue Xu; Quan Chen; Kai Ding,2024,Cancers,"BACKGROUND/OBJECTIVES: Lung cancer is a devastating disease with the highest mortality rate among cancer types. Over 60% of non-small cell lung cancer (NSCLC) patients, accounting for 87% of lung cancer diagnoses, require radiation therapy. Rapid treatment initiation significantly increases the patient's survival rate and reduces the mortality rate. Accurate tumor segmentation is a critical step in diagnosing and treating NSCLC. Manual segmentation is time- and labor-consuming and causes delays in treatment initiation. Although many lung nodule detection methods, including deep learning-based models, have been proposed. Most of these methods still have a long-standing problem of high false positives (FPs). METHODS: Here, we developed an electronic health record (EHR)-guided lung tumor auto-segmentation called EXACT-Net (EHR-enhanced eXACtitude in Tumor segmentation), where the extracted information from EHRs using a pre-trained large language model (LLM) was used to remove the FPs and keep the TP nodules only. RESULTS: The auto-segmentation model was trained on NSCLC patients' computed tomography (CT), and the pre-trained LLM was used with the zero-shot learning approach. Our approach resulted in a 250% boost in successful nodule detection using the data from ten NSCLC patients treated in our institution. CONCLUSIONS: We demonstrated that combining vision-language information in EXACT-Net multi-modal AI framework greatly enhances the performance of vision only models, paving the road to multimodal AI framework for medical image processing.",10.1002/mp.13466,https://pubmed.ncbi.nlm.nih.gov/30830685/,"(""lung cancer"" OR ""lung neoplasm"" OR ""non-small cell lung cancer"" OR ""nsclc"" OR ""small cell lung cancer"" OR ""sclc"" OR ""lung adenocarcinoma"" OR ""squamous cell lung carcinoma"" OR ""pulmonary nodule"" OR ""lung carcinoma"") AND (""multimodal"" OR ""multi-modal"" OR ""fusion"" OR ""cross-modal"" OR ""cross modal"" OR ""multimodal learning"" OR ""multimodal deep learning"" OR ""joint learning"" OR ""joint representation"" OR ""cooperative learning"" OR ""cross-attention"" OR ""cross attention"") AND (""deep learning"" OR ""neural network"" OR ""transformer"" OR ""representation learning"" OR ""self-supervised learning"" OR ""machine learning"" OR ""cnn"" OR ""vit"" OR ""vision transformer"" OR ""gnn"")",multimodal; multi-modal,ct; clinical,9,medium,include_candidate,,,,1.0,CT Images + EHR Text,Vision-Language (CNN + LLM),False Positive Reduction & Auto-Segmentation,Late (Semantic Filtering),1.0,EETS Dataset,250% Boost in Detection,"The technical innovation of EXACT-Net lies in its ability to leverage ""Zero-Shot"" clinical reasoning to refine a purely computer-vision task."
PubMed,Classification of lung cancer subtypes on CT images with synthetic pathological priors.,Wentao Zhu; Yuan Jin; Gege Ma; Geng Chen; Jan Egger; Shaoting Zhang; Dimitris N Metaxas,2024,Medical image analysis,"The accurate diagnosis on pathological subtypes for lung cancer is of significant importance for the follow-up treatments and prognosis managements. In this paper, we propose self-generating hybrid feature network (SGHF-Net) for accurately classifying lung cancer subtypes on computed tomography (CT) images. Inspired by studies stating that cross-scale associations exist in the image patterns between the same case's CT images and its pathological images, we innovatively developed a pathological feature synthetic module (PFSM), which quantitatively maps cross-modality associations through deep neural networks, to derive the ""gold standard"" information contained in the corresponding pathological images from CT images. Additionally, we designed a radiological feature extraction module (RFEM) to directly acquire CT image information and integrated it with the pathological priors under an effective feature fusion framework, enabling the entire classification model to generate more indicative and specific pathologically related features and eventually output more accurate predictions. The superiority of the proposed model lies in its ability to self-generate hybrid features that contain multi-modality image information based on a single-modality input. To evaluate the effectiveness, adaptability, and generalization ability of our model, we performed extensive experiments on a large-scale multi-center dataset (i.e., 829 cases from three hospitals) to compare our model and a series of state-of-the-art (SOTA) classification models. The experimental results demonstrated the superiority of our model for lung cancer subtypes classification with significant accuracy improvements in terms of accuracy (ACC), area under the curve (AUC), positive predictive value (PPV) and F1-score.",10.1016/j.media.2024.103199,https://pubmed.ncbi.nlm.nih.gov/38759258/,"(""lung cancer"" OR ""lung neoplasm"" OR ""non-small cell lung cancer"" OR ""nsclc"" OR ""small cell lung cancer"" OR ""sclc"" OR ""lung adenocarcinoma"" OR ""squamous cell lung carcinoma"" OR ""pulmonary nodule"" OR ""lung carcinoma"") AND (""multimodal"" OR ""multi-modal"" OR ""fusion"" OR ""cross-modal"" OR ""cross modal"" OR ""multimodal learning"" OR ""multimodal deep learning"" OR ""joint learning"" OR ""joint representation"" OR ""cooperative learning"" OR ""cross-attention"" OR ""cross attention"") AND (""deep learning"" OR ""neural network"" OR ""transformer"" OR ""representation learning"" OR ""self-supervised learning"" OR ""machine learning"" OR ""cnn"" OR ""vit"" OR ""vision transformer"" OR ""gnn"")",multi-modal; fusion; cross-modal,ct; pathology,12,high,include_candidate,,,,1.0,CT Image,Histopathology (Synthetic),SGHF-Net (PFSM + RFEM),Subtype Classification,0.0,SHR Dataset,High ACC & AUC,") introduces a revolutionary ""Virtual Multi-modality"" anchor to your review. It addresses one of the most persistent bottlenecks in medical AI: the ""Missing Modality"" problem. While most multimodal models require both CT and pathology images for every patient, SGHF-Net uses a Pathological Feature Synthetic Module (PFSM) to ""hallucinate"" the missing histopathological information from a single CT scan. By mapping cross-scale associations, this study allows clinicians to benefit from multimodal accuracy even when only a routine CT scan is available."
PubMed,Diagnose Like a Radiologist: Hybrid Neuro-Probabilistic Reasoning for Attribute-Based Medical Image Diagnosis.,Gangming Zhao; Quanlong Feng; Chaoqi Chen; Zhen Zhou; Yizhou Yu,2022,IEEE transactions on pattern analysis and machine intelligence,"During clinical practice, radiologists often use attributes, e.g., morphological and appearance characteristics of a lesion, to aid disease diagnosis. Effectively modeling attributes as well as all relationships involving attributes could boost the generalization ability and verifiability of medical image diagnosis algorithms. In this paper, we introduce a hybrid neuro-probabilistic reasoning algorithm for verifiable attribute-based medical image diagnosis. There are two parallel branches in our hybrid algorithm, a Bayesian network branch performing probabilistic causal relationship reasoning and a graph convolutional network branch performing more generic relational modeling and reasoning using a feature representation. Tight coupling between these two branches is achieved via a cross-network attention mechanism and the fusion of their classification results. We have successfully applied our hybrid reasoning algorithm to two challenging medical image diagnosis tasks. On the LIDC-IDRI benchmark dataset for benign-malignant classification of pulmonary nodules in CT images, our method achieves a new state-of-the-art accuracy of 95.36% and an AUC of 96.54%. Our method also achieves a 3.24% accuracy improvement on an in-house chest X-ray image dataset for tuberculosis diagnosis. Our ablation study indicates that our hybrid algorithm achieves a much better generalization performance than a pure neural network architecture under very limited training data.",10.1109/tpami.2021.3130759,https://pubmed.ncbi.nlm.nih.gov/34822325/,"(""lung cancer"" OR ""lung neoplasm"" OR ""non-small cell lung cancer"" OR ""nsclc"" OR ""small cell lung cancer"" OR ""sclc"" OR ""lung adenocarcinoma"" OR ""squamous cell lung carcinoma"" OR ""pulmonary nodule"" OR ""lung carcinoma"") AND (""multimodal"" OR ""multi-modal"" OR ""fusion"" OR ""cross-modal"" OR ""cross modal"" OR ""multimodal learning"" OR ""multimodal deep learning"" OR ""joint learning"" OR ""joint representation"" OR ""cooperative learning"" OR ""cross-attention"" OR ""cross attention"") AND (""deep learning"" OR ""neural network"" OR ""transformer"" OR ""representation learning"" OR ""self-supervised learning"" OR ""machine learning"" OR ""cnn"" OR ""vit"" OR ""vision transformer"" OR ""gnn"")",fusion,ct; xray,9,medium,include_candidate,,,,1.0,CT (Nodules) + Radiological Attributes,GCN + Bayesian Network (BN),Benign-Malignant Classification,Joint (Cross-Network Attention),0.0,CAR Dataset,95.36% Accuracy / 96.54% AUC,
